Омовение 48.911733393725214, 37.84434915218847, к реровцам простирались и по воду
Служим на рэб антеннах поддерживая роботу  генераторов по 2 3 часа переключая
Стоим 48.89313763035026, 37.93975338092622
Поехали в Славянск купили помидоры персики кавун дыня пироги с капустой и картошкой
Привязано номера с padymkoclab@gmail.com on bevokactp@gmail.com
Поставил временную пломбу в Наталья Ивановна
Поднялась температура
Подровняли ножницами бороду
Привезли с ремонта синий генератор теперь их 4 у нас
Отзвонились родокостра Оксана семожель Лида
Привязали номер Киевстар к гугл
Пришла 30000 зарплата
В 2200 легли спать на семле в спальнике в кустарниках возле дарево по на картоне
